"Order Number","AWB","URL","Message"
"#7952","Didn't Generated","Didn't Generated","ERROR : Order Not found"
"#8008","K8008030","127.0.0.1:8000/tracking/K8008030","Success"
"#8285","K8285031","127.0.0.1:8000/tracking/K8285031","Success"
"#8293","Didn't Generated","Didn't Generated","ERROR : Order Not found"
"#8272","K8272030","127.0.0.1:8000/tracking/K8272030","Success"
"#8326","K8326030","127.0.0.1:8000/tracking/K8326030","Success"
"#8323","K8323030","127.0.0.1:8000/tracking/K8323030","Success"
"#8262","K8262031","127.0.0.1:8000/tracking/K8262031","Success"
"#8221","Didn't Generated","Didn't Generated","ERROR : Order Not found"
"#8645","K8645031","127.0.0.1:8000/tracking/K8645031","Success"
